TTT	Phenylalanine
TTC	Phenylalanine
TTA	Leucine
TTG	Leucine
CTT	Leucine
CTC	Leucine
CTA	Leucine
CTG	Leucine
ATT	Isoleucine
ATC	Isoleucine
ATA	Isoleucine
ATG	Methionine
GTT	Valine
GTC	Valine
GTA	Valine
GTG	Valine
TCT	Serine
TCC	Serine
TCA	Serine
TCG	Serine
CCT	Proline
CCC	Proline
CCA	Proline
CCG	Proline
ACT	Threonine
ACC	Threonine
ACA	Threonine
ACG	Threonine
GCT	Alanine
GCC	Alanine
GCA	Alanine
GCG	Alanine
TAT	Tyrosine
TAC	Tyrosine
TAA	Ocher
TAG	Amber
CAT	Histidine
CAC	Histidine
CAA	Glutamine
CAG	Glutamine
AAT	Asparagine
AAC	Asparagine
AAA	Lysine
AAG	Lysine
GAT	Asparticacid
GAC	Asparticacid
GAA	Glutamicacid
GAG	Glutamicacid
TGT	Cysteine
TGC	Cysteine
TGA	Opal
TGG	Tryptophan
CGT	Arginine
CGC	Arginine
CGA	Arginine
CGG	Arginine
AGT	Serine
AGC	Serine
AGA	Arginine
AGG	Arginine
GGT	Glycine
GGC	Glycine
GGA	Glycine
GGG	Glycine
